original_path	codepack_path	sha256	bytes
src/jhora/const.py	research/dhasa_systems_and_cycle_year_length_logic/_codepack/src/jhora/const.py	2dacc910fce9babc69582491b52cde9fd23ab9dde835d41efb65fc0f79e00ba8	79727
src/jhora/horoscope/chart/charts.py	research/dhasa_systems_and_cycle_year_length_logic/_codepack/src/jhora/horoscope/chart/charts.py	34c49af9fb3359fdb243f2a467404b7a849e35b9def9e2961a45a4027c8619b2	141395
src/jhora/horoscope/chart/house.py	research/dhasa_systems_and_cycle_year_length_logic/_codepack/src/jhora/horoscope/chart/house.py	d2d0d2b9a1e382879b0f191498bcc8dc9d4ef74224925ffb522f2cc0e4329861	80854
src/jhora/horoscope/dhasa/__init__.py	research/dhasa_systems_and_cycle_year_length_logic/_codepack/src/jhora/horoscope/dhasa/__init__.py	796721f20df7008d0f118243708bdd2d5a3b64910632a506f0208d3e893f3022	185
src/jhora/horoscope/dhasa/annual/mudda.py	research/dhasa_systems_and_cycle_year_length_logic/_codepack/src/jhora/horoscope/dhasa/annual/mudda.py	66ea9c241703611ca21dc8a67ed4f15e8b5052ad2f46d2e88b48ebc3476c3743	8228
src/jhora/horoscope/dhasa/annual/patyayini.py	research/dhasa_systems_and_cycle_year_length_logic/_codepack/src/jhora/horoscope/dhasa/annual/patyayini.py	794b1a1a7e7bb31bdd1f0e570b18de90784dc15ff62a815a9f72481b2be1baf2	3611
src/jhora/horoscope/dhasa/graha/aayu.py	research/dhasa_systems_and_cycle_year_length_logic/_codepack/src/jhora/horoscope/dhasa/graha/aayu.py	bbc866d51112f88969509e6c73fdf61912ee8e16e3811a52adc429e6e956dd96	33652
src/jhora/horoscope/dhasa/graha/applicability.py	research/dhasa_systems_and_cycle_year_length_logic/_codepack/src/jhora/horoscope/dhasa/graha/applicability.py	4b3fdf669f2ae562cf0af4bec37f350a2253b59ceca75318bed8f8f8ca2557f9	3302
src/jhora/horoscope/dhasa/graha/ashtottari.py	research/dhasa_systems_and_cycle_year_length_logic/_codepack/src/jhora/horoscope/dhasa/graha/ashtottari.py	262cca3824beb5ca4bef215bc0a3559990941ffd4d70cc2df5ac0a18d0ac849b	12963
src/jhora/horoscope/dhasa/graha/buddhi_gathi.py	research/dhasa_systems_and_cycle_year_length_logic/_codepack/src/jhora/horoscope/dhasa/graha/buddhi_gathi.py	0e7c5a3f9bd6865a175f9b1afbaf6ae1111e8b43df3500425bc928a41dcdb3f5	4954
src/jhora/horoscope/dhasa/graha/chathuraaseethi_sama.py	research/dhasa_systems_and_cycle_year_length_logic/_codepack/src/jhora/horoscope/dhasa/graha/chathuraaseethi_sama.py	1e19865b22b7e300f37f7c5295ed0a2d273c33f68f392218687b0db32fd8e48b	9940
src/jhora/horoscope/dhasa/graha/dwadasottari.py	research/dhasa_systems_and_cycle_year_length_logic/_codepack/src/jhora/horoscope/dhasa/graha/dwadasottari.py	6f4bc364fb4f062cfad5afb233405a3994a8ad433873e96f2646f77ea1823c16	9572
src/jhora/horoscope/dhasa/graha/dwisatpathi.py	research/dhasa_systems_and_cycle_year_length_logic/_codepack/src/jhora/horoscope/dhasa/graha/dwisatpathi.py	d98af6318eabde684a829c140a67fc636154f827b5ce92a2c500da1a6525b6a3	9967
src/jhora/horoscope/dhasa/graha/kaala.py	research/dhasa_systems_and_cycle_year_length_logic/_codepack/src/jhora/horoscope/dhasa/graha/kaala.py	afed004ffe0c1d15be2e6c07081ff4ae4fc28dc6082a294959fee4f106245612	7913
src/jhora/horoscope/dhasa/graha/karaka.py	research/dhasa_systems_and_cycle_year_length_logic/_codepack/src/jhora/horoscope/dhasa/graha/karaka.py	8da7509fe53b802807070c3896986aebe9abefb904cb6f1bf5bae71b43971765	4041
src/jhora/horoscope/dhasa/graha/karana_chathuraaseethi_sama.py	research/dhasa_systems_and_cycle_year_length_logic/_codepack/src/jhora/horoscope/dhasa/graha/karana_chathuraaseethi_sama.py	4d7025ed71fa907c216d6a0235c0b44506feb324b1fe3cca9d51a239fa97014e	5501
src/jhora/horoscope/dhasa/graha/naisargika.py	research/dhasa_systems_and_cycle_year_length_logic/_codepack/src/jhora/horoscope/dhasa/graha/naisargika.py	f6bf6c953938198cdacb880d79186f301492698ce7bb97648334eb59d1f27f62	5585
src/jhora/horoscope/dhasa/graha/panchottari.py	research/dhasa_systems_and_cycle_year_length_logic/_codepack/src/jhora/horoscope/dhasa/graha/panchottari.py	9284754e694fc9295136432a085cae9295446fe36eaf369b5e42059ab003f8f4	9518
src/jhora/horoscope/dhasa/graha/saptharishi_nakshathra.py	research/dhasa_systems_and_cycle_year_length_logic/_codepack/src/jhora/horoscope/dhasa/graha/saptharishi_nakshathra.py	d4d85624f08f0bb62abaadd17effd4705160d6a38468dc735076dcbcd0c66393	8261
src/jhora/horoscope/dhasa/graha/sataatbika.py	research/dhasa_systems_and_cycle_year_length_logic/_codepack/src/jhora/horoscope/dhasa/graha/sataatbika.py	b88fe212d5091dbf7e1f9439d8622324f6f6fc802c4cedfa8fda3fa4292bda77	9686
src/jhora/horoscope/dhasa/graha/shastihayani.py	research/dhasa_systems_and_cycle_year_length_logic/_codepack/src/jhora/horoscope/dhasa/graha/shastihayani.py	c3c4a760cafab208aad44ab9c1a5b5e8c59f6bce6372784e13292313b0915b9f	9556
src/jhora/horoscope/dhasa/graha/shattrimsa_sama.py	research/dhasa_systems_and_cycle_year_length_logic/_codepack/src/jhora/horoscope/dhasa/graha/shattrimsa_sama.py	2f8ad4a2995fa4f36ec63029376df83da6d0d1902fa87dfaa8171bc152cc9f9b	10067
src/jhora/horoscope/dhasa/graha/shodasottari.py	research/dhasa_systems_and_cycle_year_length_logic/_codepack/src/jhora/horoscope/dhasa/graha/shodasottari.py	616f7419850033611593dfafcd771713a103eae5e0c86780d2078fdbdb3e9600	9059
src/jhora/horoscope/dhasa/graha/tara.py	research/dhasa_systems_and_cycle_year_length_logic/_codepack/src/jhora/horoscope/dhasa/graha/tara.py	07b58131ac5926838f09c7ef3010ae309525e702f7d182740f62183da8d8f899	7353
src/jhora/horoscope/dhasa/graha/tithi_ashtottari.py	research/dhasa_systems_and_cycle_year_length_logic/_codepack/src/jhora/horoscope/dhasa/graha/tithi_ashtottari.py	6697222ba0a4f86b34601c6619af490698c3ac0ca106fa8c0fdf5dde70976359	7956
src/jhora/horoscope/dhasa/graha/tithi_yogini.py	research/dhasa_systems_and_cycle_year_length_logic/_codepack/src/jhora/horoscope/dhasa/graha/tithi_yogini.py	aad7c6b00d7e1e9d3cbfb3b3db86666f137d17a71a76b803424d4a1054262826	6651
src/jhora/horoscope/dhasa/graha/vimsottari.py	research/dhasa_systems_and_cycle_year_length_logic/_codepack/src/jhora/horoscope/dhasa/graha/vimsottari.py	fdc23b327bae69ea26f8397fbfa849448099f52a6b80b58b2fdaf5be2efb4ee7	13058
src/jhora/horoscope/dhasa/graha/yoga_vimsottari.py	research/dhasa_systems_and_cycle_year_length_logic/_codepack/src/jhora/horoscope/dhasa/graha/yoga_vimsottari.py	34553f7438a17c0d382099aa3be7ffa539f6c3db0dcfc643176db174edd5d4cd	8257
src/jhora/horoscope/dhasa/graha/yogini.py	research/dhasa_systems_and_cycle_year_length_logic/_codepack/src/jhora/horoscope/dhasa/graha/yogini.py	2e7e2d8a98072b95aeda9ed515d14b631b88c9f28e33b5edfc8f634c0305ffc2	8929
src/jhora/horoscope/dhasa/raasi/brahma.py	research/dhasa_systems_and_cycle_year_length_logic/_codepack/src/jhora/horoscope/dhasa/raasi/brahma.py	99d8a5286b133eb2fe3619977038e0689edfaff52b02ade0ca9076220e594266	3411
src/jhora/horoscope/dhasa/raasi/chakra.py	research/dhasa_systems_and_cycle_year_length_logic/_codepack/src/jhora/horoscope/dhasa/raasi/chakra.py	e49a1956997a6c4479086c30deb03edadfdfd641b7ad573daac3faea3ee22ed3	4916
src/jhora/horoscope/dhasa/raasi/chara.py	research/dhasa_systems_and_cycle_year_length_logic/_codepack/src/jhora/horoscope/dhasa/raasi/chara.py	b7d0fa1551d30d6139b8f79b4c4cf940a3516315f600a399b20168d8677688e3	14288
src/jhora/horoscope/dhasa/raasi/drig.py	research/dhasa_systems_and_cycle_year_length_logic/_codepack/src/jhora/horoscope/dhasa/raasi/drig.py	1b912c6bfb9150ce1c57e3c11434c8421df6237b6cd972f347e4ee3ac943e8f3	5419
src/jhora/horoscope/dhasa/raasi/kalachakra.py	research/dhasa_systems_and_cycle_year_length_logic/_codepack/src/jhora/horoscope/dhasa/raasi/kalachakra.py	43d2931aeb5f79bfba19b123d9738fb9b3998617690f0bfd9353955d75fce937	9177
src/jhora/horoscope/dhasa/raasi/kendradhi_rasi.py	research/dhasa_systems_and_cycle_year_length_logic/_codepack/src/jhora/horoscope/dhasa/raasi/kendradhi_rasi.py	17ec10281a8eaece5bcfa781b4b92612613aea8b52de5b25c8f7eda0692a82b6	8397
src/jhora/horoscope/dhasa/raasi/lagnamsaka.py	research/dhasa_systems_and_cycle_year_length_logic/_codepack/src/jhora/horoscope/dhasa/raasi/lagnamsaka.py	c5781696140394d587b3452c8e69da8b0d1c91ed5b4574d437342838dd61e184	1896
src/jhora/horoscope/dhasa/raasi/mandooka.py	research/dhasa_systems_and_cycle_year_length_logic/_codepack/src/jhora/horoscope/dhasa/raasi/mandooka.py	a2f3927704c936b2630e468f81e7b651dc5e82ae2ab8a12bfe949572b7d0e679	6041
src/jhora/horoscope/dhasa/raasi/moola.py	research/dhasa_systems_and_cycle_year_length_logic/_codepack/src/jhora/horoscope/dhasa/raasi/moola.py	19d413298fc6cd7569ff67174352e2194f01aff159757be612ce7d83565c4c94	5470
src/jhora/horoscope/dhasa/raasi/narayana.py	research/dhasa_systems_and_cycle_year_length_logic/_codepack/src/jhora/horoscope/dhasa/raasi/narayana.py	7ad54f6d3e0e6380962b43dfb3c3cba8922776df9628dfa9f6b324caaf7d1a98	11875
src/jhora/horoscope/dhasa/raasi/navamsa.py	research/dhasa_systems_and_cycle_year_length_logic/_codepack/src/jhora/horoscope/dhasa/raasi/navamsa.py	ca320567e39371e58df9bbfa6390f29f0b7d11f2733f0cd0471b7f229578c72f	3468
src/jhora/horoscope/dhasa/raasi/nirayana.py	research/dhasa_systems_and_cycle_year_length_logic/_codepack/src/jhora/horoscope/dhasa/raasi/nirayana.py	11a84b769d9f0e6c5d85d1dd76c02c5589bb506e01f5b468a8d3b83914b1e7cf	5649
src/jhora/horoscope/dhasa/raasi/padhanadhamsa.py	research/dhasa_systems_and_cycle_year_length_logic/_codepack/src/jhora/horoscope/dhasa/raasi/padhanadhamsa.py	3013aa9748d3704f067cde27c0d2cd6910e699ad1337c229f54ff097422e0515	2506
src/jhora/horoscope/dhasa/raasi/paryaaya.py	research/dhasa_systems_and_cycle_year_length_logic/_codepack/src/jhora/horoscope/dhasa/raasi/paryaaya.py	2c38814560ce07c0e1a1a2e65e1f5e5b3ff67d5f32427ac468c018cc3fe2dc51	5272
src/jhora/horoscope/dhasa/raasi/sandhya.py	research/dhasa_systems_and_cycle_year_length_logic/_codepack/src/jhora/horoscope/dhasa/raasi/sandhya.py	09902bd78d85b2964e9aee38e6c7c441b55dbca1ec1544c0b930bfff692c7309	3811
src/jhora/horoscope/dhasa/raasi/shoola.py	research/dhasa_systems_and_cycle_year_length_logic/_codepack/src/jhora/horoscope/dhasa/raasi/shoola.py	d5b5f1a6d112bd1469bce28adf6085edb8fa8c5966b5e36ebe001ada580b1842	8414
src/jhora/horoscope/dhasa/raasi/sthira.py	research/dhasa_systems_and_cycle_year_length_logic/_codepack/src/jhora/horoscope/dhasa/raasi/sthira.py	43cc1763eafcf5ee65459818e0f0aa1347719122b9aa5d8ef6929ae9da0c0cf5	2800
src/jhora/horoscope/dhasa/raasi/sudasa.py	research/dhasa_systems_and_cycle_year_length_logic/_codepack/src/jhora/horoscope/dhasa/raasi/sudasa.py	7389a9c4e269ba868288ca377c1de760a54e6a6112e4e15037abfc3334d0a63d	6831
src/jhora/horoscope/dhasa/raasi/tara_lagna.py	research/dhasa_systems_and_cycle_year_length_logic/_codepack/src/jhora/horoscope/dhasa/raasi/tara_lagna.py	b994c1587f2a8e4723354dffcde5faf0ab68bfcb73874f6a7fece33d3443c835	3303
src/jhora/horoscope/dhasa/raasi/trikona.py	research/dhasa_systems_and_cycle_year_length_logic/_codepack/src/jhora/horoscope/dhasa/raasi/trikona.py	34da96ee763b12aaa1f2b327a51955c0e3c7382dcdc0d21371197a8335496b9e	3343
src/jhora/horoscope/dhasa/raasi/varnada.py	research/dhasa_systems_and_cycle_year_length_logic/_codepack/src/jhora/horoscope/dhasa/raasi/varnada.py	e970512c450fa23a5d18c4b158834607f71bdf7a3b9f544ee3276156a9a3799b	3178
src/jhora/horoscope/dhasa/raasi/yogardha.py	research/dhasa_systems_and_cycle_year_length_logic/_codepack/src/jhora/horoscope/dhasa/raasi/yogardha.py	6d52d014252a608e0d0703e560bb8d8b6ce6376182eb2c023f54de9970a63981	3006
src/jhora/horoscope/dhasa/sudharsana_chakra.py	research/dhasa_systems_and_cycle_year_length_logic/_codepack/src/jhora/horoscope/dhasa/sudharsana_chakra.py	c25e166a708ecd467b4e36cca53ff9b586693cb31c40152df6e7e095c8091f83	6207
src/jhora/horoscope/main.py	research/dhasa_systems_and_cycle_year_length_logic/_codepack/src/jhora/horoscope/main.py	cecb9d933245d6df820425f80d28da3153746215c8b283c66d4fa65c86ee58bd	128308
src/jhora/panchanga/drik.py	research/dhasa_systems_and_cycle_year_length_logic/_codepack/src/jhora/panchanga/drik.py	9790dcdf442910b1eaa260b16c346c6696438eb6955c0a520c1be220ba3497bc	186944
src/jhora/utils.py	research/dhasa_systems_and_cycle_year_length_logic/_codepack/src/jhora/utils.py	861062b3abba1655b9d4e5608333f8aaa1d391b3d38ecdacbac565bf930f3875	70076
